"""username""","""first_name""","""last_name""","""birthdate""","""verified""","""account_status""","""email""","""password""","""picture""","""description""","""is_elevated"""
'tuckerdiane','Harold','Smith','1998-10-19',TRUE,'active','ronald38@yahoo.com','$2a$14$MtrF8MqSh4.DV6rFAYcYouwJSA3q5pJNPTerCfzWJGpVss1/ES4GG','xsgamesm-33.jpg','Decision professional real each citizen level.',TRUE
'edward88','Carter','Johnson','2004-3-13',TRUE,'active','richard65@martin.net','$2a$14$MtrF8MqSh4.DV6rFAYcYouwJSA3q5pJNPTerCfzWJGpVss1/ES4GG','xsgamesm-49.jpg','Maybe key community young ahead.',TRUE
'joanna15','Trent','Hayes','1989-10-23',TRUE,'active','helen38@hotmail.com','$2a$14$MtrF8MqSh4.DV6rFAYcYouwJSA3q5pJNPTerCfzWJGpVss1/ES4GG','xsgamesm-23.jpg','Hotel together show gas seven.',TRUE
'kwilliams','Evette','Hoskison','1994-4-13',FALSE,'active','mcdonaldjohn@parks-miller.com','$2a$14$3QlPlVm0blm4M5sLgUmcc.ii6DLtVW6S6AOWRn3rWNZhwBVsWzq/K','xsgamesf-48.jpg','Cell itself institution couple should.',FALSE
'palmermichael','Myra','Moreaux','1991-10-24',TRUE,'active','ljohnson@grimes-stevens.net','$2a$14$3QlPlVm0blm4M5sLgUmcc.ii6DLtVW6S6AOWRn3rWNZhwBVsWzq/K','xsgamesf-38.jpg','Concern phone sport whatever professor material.',FALSE
'becklinda','Concha','Artyomova','2005-8-6',TRUE,'active','angelicaparker@nguyen.com','$2a$14$3QlPlVm0blm4M5sLgUmcc.ii6DLtVW6S6AOWRn3rWNZhwBVsWzq/K','xsgamesf-61.jpg','Might north station step own wear stay.',FALSE
'pattersonangela','Terri','Kramer','1999-3-25',TRUE,'active','laura85@barrett-hunter.com','$2a$14$3QlPlVm0blm4M5sLgUmcc.ii6DLtVW6S6AOWRn3rWNZhwBVsWzq/K','xsgamesf-31.jpg','Resource source beyond beautiful product add mention.',FALSE
'crawfordshawn','Cindy','Rischelaux','2004-1-4',TRUE,'active','murphyjohn@hernandez-beard.info','$2a$14$3QlPlVm0blm4M5sLgUmcc.ii6DLtVW6S6AOWRn3rWNZhwBVsWzq/K','xsgamesf-73.jpg','Figure seat everybody agency.',FALSE
'psampson','Lauren','Sauer','1991-8-26',TRUE,'active','bgray@hotmail.com','$2a$14$3QlPlVm0blm4M5sLgUmcc.ii6DLtVW6S6AOWRn3rWNZhwBVsWzq/K','xsgamesf-9.jpg','Often beyond enough why.',FALSE
'wrightgeorge','Aileen','Jagerson','1992-5-19',TRUE,'active','tatemallory@sanford-armstrong.com','$2a$14$3QlPlVm0blm4M5sLgUmcc.ii6DLtVW6S6AOWRn3rWNZhwBVsWzq/K','xsgamesf-3.jpg','Spring language his several drop.',FALSE
'webbmark','Sheila','Nieminen','2003-5-21',TRUE,'active','lauraconner@hotmail.com','$2a$14$3QlPlVm0blm4M5sLgUmcc.ii6DLtVW6S6AOWRn3rWNZhwBVsWzq/K','xsgamesf-56.jpg','Term left view.',FALSE
'veronicahaynes','Leonre','Radish','1991-9-5',TRUE,'active','bookerricky@gmail.com','$2a$14$3QlPlVm0blm4M5sLgUmcc.ii6DLtVW6S6AOWRn3rWNZhwBVsWzq/K','xsgamesf-72.jpg','Arrive indicate finally.',FALSE
'stacymartin','Trey','Hackwell','1991-11-9',TRUE,'active','murphytimothy@yahoo.com','$2a$14$3QlPlVm0blm4M5sLgUmcc.ii6DLtVW6S6AOWRn3rWNZhwBVsWzq/K','xsgamesm-57.jpg','Result team myself western past movie enough.',FALSE
'mendozabrian','Richard','Van Dyke','1987-6-10',TRUE,'active','timothyritter@gmail.com','$2a$14$3QlPlVm0blm4M5sLgUmcc.ii6DLtVW6S6AOWRn3rWNZhwBVsWzq/K','default.jpg','Start decision go lay.',FALSE
'wjefferson','Raymond','Stanton','2003-4-8',TRUE,'active','christophersims@castaneda-soto.com','$2a$14$3QlPlVm0blm4M5sLgUmcc.ii6DLtVW6S6AOWRn3rWNZhwBVsWzq/K','xsgamesm-69.jpg','View beat service history field.',FALSE
'kingdonna','Erika','De Geer','1996-6-7',TRUE,'active','gcherry@mclaughlin.com','$2a$14$3QlPlVm0blm4M5sLgUmcc.ii6DLtVW6S6AOWRn3rWNZhwBVsWzq/K','xsgamesf-46.jpg','Ever late future.',FALSE
'andersontroy','Yuliya','Tsvetaeva','2000-9-22',TRUE,'active','brian35@lopez.com','$2a$14$3QlPlVm0blm4M5sLgUmcc.ii6DLtVW6S6AOWRn3rWNZhwBVsWzq/K','xsgamesf-44.jpg','Role letter site chair pretty coach.',FALSE
'zwilkins','Alexandria','Austin','1990-8-8',TRUE,'active','terrydestiny@ramos.net','$2a$14$3QlPlVm0blm4M5sLgUmcc.ii6DLtVW6S6AOWRn3rWNZhwBVsWzq/K','xsgamesf-43.jpg','Form nearly win hit tend society agree.',FALSE
'ashley13','Sara','Pahlavi','1999-3-15',TRUE,'active','scottlori@hotmail.com','$2a$14$3QlPlVm0blm4M5sLgUmcc.ii6DLtVW6S6AOWRn3rWNZhwBVsWzq/K','xsgamesf-34.jpg','Book shoulder similar.',FALSE
'tiffanywilson','Ludmilla','Volkova','2001-11-25',TRUE,'active','hjones@murphy-jacobs.net','$2a$14$3QlPlVm0blm4M5sLgUmcc.ii6DLtVW6S6AOWRn3rWNZhwBVsWzq/K','xsgamesf-11.jpg','Late international management bag firm rather particularly.',FALSE
'thatmitchellandwebblook','Mitchell','Webb','1990-01-01',TRUE,'active','thatmitchellandwebblook@fakeemail.com','$2a$14$3QlPlVm0blm4M5sLgUmcc.ii6DLtVW6S6AOWRn3rWNZhwBVsWzq/K','thatmitchandwebblook.jpg','Begin money me young science.',FALSE
